time,ice_free,new_young,thin_FY,medium_FY,thick_FY,multiyear
2023-10-18,640759.8992600507,0.0,1700.1621764568788,0.0,0.0,0.0
2023-10-19,640288.7616226207,2171.2998138868447,0.0,0.0,0.0,0.0
2023-10-20,639737.1130019939,2722.948434513718,0.0,0.0,0.0,0.0
2023-10-21,640288.7616226207,2171.2998138868447,0.0,0.0,0.0,0.0
2023-10-22,640593.2413946856,1866.8200418219137,0.0,0.0,0.0,0.0
2023-10-23,640716.0787435158,1743.9826929917745,0.0,0.0,0.0,0.0
2023-10-24,640890.1788651709,1569.882571336643,0.0,0.0,0.0,0.0
2023-10-25,641056.836730536,1403.2247059716076,0.0,0.0,0.0,0.0
2023-10-26,641056.836730536,1403.2247059716076,0.0,0.0,0.0,0.0
2023-10-27,641239.4124626815,1220.6489738260775,0.0,0.0,0.0,0.0
2023-10-28,641056.836730536,1403.2247059716076,0.0,0.0,0.0,0.0
2023-10-29,641056.836730536,1403.2247059716076,0.0,0.0,0.0,0.0
2023-10-30,641056.836730536,1403.2247059716076,0.0,0.0,0.0,0.0
2023-10-31,640992.6431337969,1467.4183027106853,0.0,0.0,0.0,0.0
2023-11-01,640858.6160839708,1601.4453525369315,0.0,0.0,0.0,0.0
2023-11-02,640728.0333788784,1732.0280576292785,0.0,0.0,0.0,0.0
2023-11-03,639868.8056203304,2591.255816177167,0.0,0.0,0.0,0.0
2023-11-04,639265.8942268785,3194.1672096290326,0.0,0.0,0.0,0.0
2023-11-05,639020.2195292183,3439.841907289312,0.0,0.0,0.0,0.0
2023-11-06,638456.2343930851,4003.8270434224073,0.0,0.0,0.0,0.0
2023-11-07,638337.1439482034,4122.917488304105,0.0,0.0,0.0,0.0
2023-11-08,639007.883013712,3452.1784227955336,0.0,0.0,0.0,0.0
2023-11-09,638409.0775636674,4050.983872840104,0.0,0.0,0.0,0.0
2023-11-10,639015.2235127595,3444.8379237479453,0.0,0.0,0.0,0.0
2023-11-11,638896.133067878,3563.928368629643,0.0,0.0,0.0,0.0
2023-11-12,638233.8725157242,4226.188920783385,0.0,0.0,0.0,0.0
2023-11-13,638233.8725157242,4226.188920783385,0.0,0.0,0.0,0.0
2023-11-14,637230.4172549464,5229.6441815611615,0.0,0.0,0.0,0.0
2023-11-15,637039.9835081971,5420.077928310457,0.0,0.0,0.0,0.0
2023-11-16,635099.5294840203,7360.531952487266,0.0,0.0,0.0,0.0
2023-11-17,634057.7214506522,8402.339985855422,0.0,0.0,0.0,0.0
2023-11-18,631996.2230070787,10463.838429428884,0.0,0.0,0.0,0.0
2023-11-19,630376.9895019955,12083.071934512089,0.0,0.0,0.0,0.0
2023-11-20,626862.0455120002,15598.015924507325,0.0,0.0,0.0,0.0
2023-11-21,625940.3702504014,15220.513877195383,1299.1773089107787,0.0,0.0,0.0
2023-11-22,625277.0705530236,14853.924175033146,2329.066708450845,0.0,0.0,0.0
2023-11-23,624885.912822918,13090.619721366027,4483.528892223524,0.0,0.0,0.0
2023-11-24,624523.544867344,10246.956505219525,7689.560063944089,0.0,0.0,0.0
2023-11-25,624387.5365554234,9679.272633429318,8393.252247654898,0.0,0.0,0.0
2023-11-26,624274.6912847655,9784.193949248052,8401.17620249396,0.0,0.0,0.0
2023-11-27,623076.4571896584,16580.06252544978,2803.541721399356,0.0,0.0,0.0
2023-11-28,621801.5777430751,10676.894125743736,9981.58956768877,0.0,0.0,0.0
2023-11-29,620673.3293101984,11657.032734649249,10129.699391659866,0.0,0.0,0.0
2023-11-30,618224.4785654655,12141.227872204232,12094.354998837738,0.0,0.0,0.0
2023-12-01,615830.7401942883,15725.93495088064,9233.476019224225,1669.9102721143354,0.0,0.0
2023-12-02,614347.2344791268,19102.50268896475,6635.177390017607,2375.1468783984997,0.0,0.0
2023-12-03,613988.0823461487,17116.833125692996,6964.035013322087,3150.0055877983186,1241.1053635455469,0.0
2023-12-04,613762.5453320354,19556.43024557784,5060.941903367106,2618.7523213534805,1461.3916341737663,0.0
2023-12-05,611742.3856564666,28266.429999149994,2451.2457808909603,0.0,0.0,0.0
2023-12-06,609968.3949171382,29207.934904635855,3283.73161473364,0.0,0.0,0.0
2023-12-07,605678.8292975499,20179.965212610125,14143.451345416712,2244.2878280951677,213.52775283572245,0.0
2023-12-08,592708.0362968263,26645.403452369195,18532.12565938969,3346.746425836489,1173.93125374097,53.81834834478491
2023-12-09,583319.2762547055,32329.083643015714,21744.116604943927,3571.7156299262783,1495.869303916091,0.0
2023-12-10,568966.7132825467,44010.47283337541,22748.642533536986,5122.22887015144,1612.0039168970607,0.0
2023-12-11,545203.157056263,64293.95984356296,24667.8013151058,5816.249922223992,2370.6766852380492,108.2166141138302
2023-12-12,522001.6255713566,91438.40072820622,26990.74659635112,1646.9605642236825,382.3279763699633,0.0
2023-12-13,494543.1921294867,132514.80199721002,15402.067309810838,0.0,0.0,0.0
2023-12-14,478035.04572375544,146554.08933607192,16655.301186748595,1215.6251899316258,0.0,0.0
2023-12-15,466630.0914687713,159665.9031516582,14451.349966155412,1712.7168499227312,0.0,0.0
2023-12-16,458300.5431431465,168046.70992898085,14676.12519238444,1436.6831719957859,0.0,0.0
2023-12-17,453280.8793557326,174283.74061251193,14895.441468263083,0.0,0.0,0.0
2023-12-18,448780.0072876386,174640.15602885693,19039.898120012094,0.0,0.0,0.0
2023-12-19,441922.56239967264,179080.626029589,20091.995169509333,646.151817384098,523.0344280390482,195.69159231348763
2023-12-20,431691.57550043403,167946.78862163136,40798.143305759055,711.4439610358161,1312.110047647367,0.0
2023-12-21,420462.4570780959,166985.24344455806,53062.969917504524,1034.4253927091347,914.9656036400075,0.0
2023-12-22,403041.0240371346,163417.72623355672,70465.16612854482,4040.7964471180926,1367.328690604003,0.0
2023-12-23,389682.3182098272,164403.09865860295,81646.82335962082,3552.627650071206,2084.087819570145,0.0
2023-12-24,380208.35255190573,166155.41303415137,87016.70614494484,3285.789145174052,5340.0502149862,453.75034534537065
2023-12-25,370983.2038502208,150437.01291697705,98804.72581773894,11584.691328354493,6037.038841738926,3588.3126168367144
2023-12-26,366817.39436124114,153429.09853090317,104312.48516787734,8235.303115342787,5170.102800390352,2315.675422507162
2023-12-27,363509.49302419566,172225.92346275545,99146.13049287928,3311.531413913666,2200.9036606907866,1300.3505134004054
2023-12-28,361960.19289869256,187794.82011089794,90296.37752294439,2215.5397594967203,64.37704815865236,0.0
2023-12-29,365219.4453808363,198679.8097702339,77039.02206976002,1521.7842156773286,0.0,0.0
2023-12-30,365191.0021126576,189323.987051239,87279.59297896408,665.4792936468602,0.0,0.0
2023-12-31,365837.90586845577,184974.31834309542,91425.62673780299,222.2104871533804,0.0,0.0
2024-01-01,366372.25656520674,183059.25828168643,91561.98034827605,1466.5662413383786,0.0,0.0
2024-01-02,367252.8208020979,179835.081191891,93865.72937026482,1506.4300722538892,0.0,0.0
2024-01-03,367197.185117004,180267.65401669842,94528.24657623566,195.50912698845485,0.0,271.4665995810218
2024-01-04,373282.3862080933,171982.33976104954,97128.953518944,66.38194842069589,0.0,0.0
2024-01-05,373432.7538376438,174266.52984606213,94303.74287772005,457.03487508161606,0.0,0.0
2024-01-06,375337.43535908044,173519.2071275838,93146.38407476175,457.03487508161606,0.0,0.0
2024-01-07,380367.2005035967,151503.8801332675,110588.98079964345,0.0,0.0,0.0
2024-01-08,390920.59922901227,138683.2964160545,111958.89794545421,897.2678459866125,0.0,0.0
2024-01-09,401911.56842234137,132011.38708078157,101370.85766920424,7166.24826418041,0.0,0.0
2024-01-10,419614.59778323007,122912.19322681228,93559.8696726907,6373.400753774543,0.0,0.0
2024-01-11,427292.75466379116,121349.8711877506,91020.67268979164,2734.414475096847,62.3484200773689,0.0
2024-01-12,429153.6178730745,118900.67183502682,92578.00430929629,1827.76741910998,0.0,0.0
2024-01-13,433465.3046413268,116948.78967219268,89163.7269161717,2696.6808433413116,185.55936347514566,0.0
2024-01-14,435486.93199493224,123831.67942066668,80063.60694483167,2581.84099176249,496.0020843145153,0.0
2024-01-15,436634.50356027344,109837.56092026971,94257.54722005891,1358.7733486514896,371.67638725401764,0.0
2024-01-16,433203.3122167666,105026.44535865204,102753.50096534926,1410.420947318997,66.38194842069589,0.0
2024-01-17,432579.08618889295,98034.4415985483,111597.51338754632,249.02026152004123,0.0,0.0
2024-01-18,420402.89498259744,98391.72069023238,121780.79812945721,64.00994977467465,843.4647350851039,977.1729493607495
2024-01-19,392950.9047339272,110828.64683588142,138680.50986669894,0.0,0.0,0.0
2024-01-20,364516.6776075422,126502.58326332123,151440.80056564417,0.0,0.0,0.0
2024-01-21,343211.722876235,138930.66613919585,160317.67242107674,0.0,0.0,0.0
2024-01-22,327120.3025729897,151081.05897352163,163509.7478517099,748.9520382863477,0.0,0.0
2024-01-23,315296.4548672347,171857.1491187702,152348.8358751891,2957.6215753136394,0.0,0.0
2024-01-24,310044.1176571194,173033.26084282453,156648.62886033126,2734.054076232356,0.0,0.0
2024-01-25,299227.00214539154,164068.50427383836,175081.54103658244,4083.013980695249,0.0,0.0
2024-01-26,286476.6940434378,168443.13089453784,183284.9944753411,4255.242023190825,0.0,0.0
2024-01-27,270271.6464708502,177051.95925033223,188133.38582010265,7003.069895222483,0.0,0.0
2024-01-28,266020.0902796478,176256.60592003557,193216.7479975093,6966.617239314973,0.0,0.0
2024-01-29,255539.82773093198,181544.64087725495,199753.19418676483,5314.373641555799,308.0250000000016,0.0
2024-01-30,254367.86875261628,186188.73807556537,200605.8720641312,1297.5825441947381,0.0,0.0
2024-01-31,251399.2942182481,193840.15279366315,194157.25915340317,3063.3552711931397,0.0,0.0
2024-02-01,254638.5706741636,199768.78085656764,186019.19781110174,2033.5120946746074,0.0,0.0
2024-02-02,258286.00317655335,203517.80533753717,174193.46020942513,6462.792712991941,0.0,0.0
2024-02-03,266752.00948233256,211931.66478797272,158952.46519652338,4823.921969678891,0.0,0.0
2024-02-04,275817.82159268134,212267.7252084674,150467.77101685826,3906.743618500553,0.0,0.0
2024-02-05,282764.82194246544,210745.68364507085,142485.34572069306,6464.210128278194,0.0,0.0
2024-02-06,295813.9157679955,196577.89879036456,141132.07407900813,8936.172799139335,0.0,0.0
2024-02-07,308103.25078691036,186141.32335366448,138065.88043208467,10149.60686384808,0.0,0.0
2024-02-08,317452.57373024395,172023.7695600232,140085.90751054866,12897.810635691734,0.0,0.0
2024-02-09,322214.43518324324,159148.22834847146,138307.719697505,22789.67820728784,0.0,0.0
2024-02-10,318971.8767744553,151710.64835020708,142712.99175003593,29064.544561809278,0.0,0.0
2024-02-11,304049.98173416033,154117.32938948832,146528.04658320802,37764.70372965089,0.0,0.0
2024-02-12,289111.83535890747,161405.69868211183,152259.90189370656,39682.62550178172,0.0,0.0
2024-02-13,277524.75919281045,167768.41131874776,155893.87190825221,41273.019016697195,0.0,0.0
2024-02-14,268949.8722178333,175466.26931775495,158104.72654485214,39939.193356067226,0.0,0.0
2024-02-15,267934.71031190344,178013.55911284738,158843.97483526685,37667.8171764899,0.0,0.0
2024-02-16,267781.0550035264,184458.6253410118,152052.6005799551,38167.78051201434,0.0,0.0
2024-02-17,265934.8355458679,196538.39329199877,144456.22281555014,35530.60978309074,0.0,0.0
2024-02-18,265934.8355458679,202927.0555448578,145359.43795262335,28238.732393158516,0.0,0.0
2024-02-19,271595.29881766776,201102.3624102852,138443.5386804953,31318.861528059344,0.0,0.0
2024-02-20,276562.0114237688,202908.1053549602,131626.5143943394,31363.430263439168,0.0,0.0
2024-02-21,288049.9335380973,196390.0284349499,127282.76308926157,30737.336374198774,0.0,0.0
2024-02-22,298503.07104861364,192301.50782735655,122174.90427020955,28939.97120566643,0.0,0.0
2024-02-23,305943.27671568864,180524.86538030655,120368.55599070562,35322.817406794406,0.0,0.0
2024-02-24,306060.96511607995,158015.3528195586,133410.17552008462,44973.56798078446,0.0,0.0
2024-02-25,298104.88999307354,99237.04104360066,176566.6570938027,68551.47330603066,0.0,0.0
2024-02-26,278847.0184417818,114940.80512893687,182122.50726154598,66549.73060424291,0.0,0.0
2024-02-27,256110.75002118634,129511.38749924435,203211.6798951177,53626.24402095921,0.0,0.0
2024-02-28,244608.4645465844,133622.8169332865,210693.669901577,52856.63198276627,678.478072293344,0.0
2024-02-29,244379.80395431904,125772.47022420817,215721.98680018468,55300.62446082535,1045.1148553214266,0.0
2024-03-01,244415.13593903813,131078.28945693362,200207.20614945298,62612.72037310535,3906.6483763285896,0.0
2024-03-02,247239.17343391158,123289.64085102658,197407.17735094082,68061.18480168624,6462.884998942399,0.0
2024-03-03,253423.97570566554,111581.60434913739,195897.5279382061,72628.73984719237,8928.213596306163,0.0
2024-03-04,263290.91541020956,14393.67941791593,225824.5057615291,129009.75625312014,9941.204593732846,0.0
2024-03-05,268775.6366873183,115430.34678285866,184503.99571407345,62289.782909041016,11460.299343216098,0.0
2024-03-06,269593.116559555,115667.71648873968,172700.00545092468,75115.42345070856,9383.799486579668,0.0
2024-03-07,265484.2601447449,120691.25499836451,161764.1022484291,80612.52560074884,13907.918444220184,0.0
2024-03-08,248439.62942553242,122907.88955846531,176453.32790089876,80938.74256378913,13720.471987821962,0.0
2024-03-09,231178.55457159932,128739.12270302301,190847.64592342536,79464.0784132116,12230.659825248335,0.0
2024-03-10,217942.67074372576,135260.71941313052,200757.6376535715,76483.09917274912,11718.208341126481,0.0
2024-03-11,202092.643968308,139389.14169265132,215190.6488128833,72112.47595409527,13675.151008569668,0.0
2024-03-12,188426.58861529466,150522.38755378197,224188.69477313108,68535.6571064989,10786.733387800945,0.0
2024-03-13,178417.0981030533,156194.42243864218,230358.4144657257,67622.88905517953,9867.237373906835,0.0
2024-03-14,169986.51165252,170175.19244621607,235661.02942918552,57487.42892030248,9149.898988283505,0.0
2024-03-15,159042.85257437814,194530.26569543107,222820.46799121477,57807.593472623485,8258.881702860115,0.0
2024-03-16,156638.7341785073,194824.11650025757,226531.7363844309,58126.88470064838,6338.589672663427,0.0
2024-03-17,155849.63761004552,206061.94088067743,214610.33770765405,61398.1389338077,4540.006304322862,0.0
2024-03-18,162355.40493136866,218939.13642127923,200855.02493387414,60310.49514998555,0.0,0.0
2024-03-19,172264.87536129705,211972.86776053932,189496.74118354608,68725.5771311251,0.0,0.0
2024-03-20,181235.66249491367,207773.15164917655,185570.00444738363,67881.24284503376,0.0,0.0
2024-03-21,201183.38525860524,201981.28215743767,176427.1117883371,62868.2822321276,0.0,0.0
2024-03-22,223190.00943317002,191979.96977058728,176368.4918883033,50921.590344446944,0.0,0.0
2024-03-23,229048.66202276622,183309.36131601327,176274.95169519313,53827.086402535,0.0,0.0
2024-03-24,230236.32814660063,178606.97658583673,197304.0669586772,36312.68974539302,0.0,0.0
2024-03-25,228873.5355430669,184248.80474138557,198658.48472357792,30679.236428477234,0.0,0.0
2024-03-26,224105.51976174727,193864.5645313665,183722.48343066615,40767.4937127277,0.0,0.0
2024-03-27,221538.68868203438,201228.47140759177,176504.85640379725,43188.04494308415,0.0,0.0
2024-03-28,218383.92621209298,203191.73975236155,179312.73458873614,41571.66088331693,0.0,0.0
2024-03-29,212379.2409671788,194673.2849594963,195546.88345185766,39860.65205797485,0.0,0.0
2024-03-30,210187.36215873473,202781.12895816268,182189.51757896,47302.05274065021,0.0,0.0
2024-03-31,210458.44043221377,202206.13148603932,184676.98999748402,43900.37544060116,1218.1240801692913,0.0
2024-04-01,209969.22718567596,204825.47854820918,188449.1480775691,38882.891894323286,333.3157307300706,0.0
2024-04-02,210821.75878603896,202985.2906098953,188556.85735572208,40096.15468485124,0.0,0.0
2024-04-03,216841.12262347722,198619.76493644775,184034.45706447272,42964.71681210985,0.0,0.0
2024-04-04,228438.20878629904,189743.19166953335,182219.92130513137,42058.739675543795,0.0,0.0
2024-04-05,239764.7116639536,201992.1220692863,156457.57878526754,44245.64891800015,0.0,0.0
2024-04-06,248785.22081100254,192050.04082571605,156696.1515155472,43695.80636090623,0.0,0.0
2024-04-07,246968.8577559461,181006.63498831843,172864.11681398636,41127.984529426525,0.0,0.0
2024-04-08,244643.73283894468,182462.79163690822,175165.83151818922,39449.93642132875,0.0,0.0
2024-04-09,243776.85168811667,184678.5791528682,173747.96996496874,40133.450630553954,0.0,0.0
2024-04-10,237537.45043142283,187296.29899579557,175123.1757530679,42010.66890739113,0.0,0.0
2024-04-11,238007.60127162465,188904.61486109075,169986.61492030267,45561.23038348949,0.0,0.0
2024-04-12,243321.68504212692,184138.40209006952,174906.86439121317,40093.109913097986,0.0,0.0
2024-11-11,641349.0666259567,1110.994810550927,0.0,0.0,0.0,0.0
2024-11-12,639908.3660907056,2551.695345801846,0.0,0.0,0.0,0.0
2024-11-13,638078.9309361544,4381.130500353059,0.0,0.0,0.0,0.0
2024-11-14,633718.652998297,8741.408438210548,0.0,0.0,0.0,0.0
2024-11-15,631209.6257216939,11250.43571481375,0.0,0.0,0.0,0.0
2024-11-16,629635.5815809253,12824.47985558234,0.0,0.0,0.0,0.0
2024-11-17,627360.1586428743,15099.902793633159,0.0,0.0,0.0,0.0
2024-11-18,627360.1586428743,15099.902793633159,0.0,0.0,0.0,0.0
2024-11-19,627632.5340540847,14827.527382422852,0.0,0.0,0.0,0.0
2024-11-20,626335.5003302565,16124.561106251047,0.0,0.0,0.0,0.0
2024-11-21,626768.5464815339,15691.514954973718,0.0,0.0,0.0,0.0
2024-11-22,627796.8845553668,14663.176881140724,0.0,0.0,0.0,0.0
2024-11-23,627367.8871093802,15092.174327127443,0.0,0.0,0.0,0.0
2024-11-24,624187.818038215,16789.557656333058,1482.6857419594644,0.0,0.0,0.0
2024-11-25,615239.5380907985,25257.538933547694,1962.9844121613323,0.0,0.0,0.0
2024-11-26,604691.4887430447,30356.62363487214,7411.949058590721,0.0,0.0,0.0
2024-11-27,592802.2941741043,40776.10761940884,8881.659642994338,0.0,0.0,0.0
2024-11-28,584656.552919687,44787.083629578956,13016.42488724166,0.0,0.0,0.0
2024-11-29,574537.6745268293,53194.9818927118,14727.405016966444,0.0,0.0,0.0
2024-11-30,568399.77718523,58247.04111128214,15813.243139995397,0.0,0.0,0.0
2024-12-01,560499.8491885723,63032.14736549081,18928.064882444472,0.0,0.0,0.0
2024-12-02,555875.2370898811,69751.24064429839,16833.583702328026,0.0,0.0,0.0
2024-12-03,552643.354029632,74453.82206347934,15362.885343396174,0.0,0.0,0.0
2024-12-04,550481.1407072437,59416.2043554834,18274.54593520733,3774.7604782463377,3617.9780091601688,6449.476616314127
2024-12-05,549195.8459357247,63561.85358113708,16439.385657078597,3437.6254192424594,3671.800493427945,5874.252880409382
2024-12-06,546693.2269382847,69079.23375729815,13007.858810213544,3385.347857750784,4068.8529356490035,5946.243667824115
2024-12-07,547821.3475137178,74935.89463464834,8826.313900277466,4021.921413842666,3405.58482176375,2829.683166414923
2024-12-08,549629.7891689443,60666.9121118416,10589.771671867651,4518.824974536787,4699.344428204133,7772.536131391606
2024-12-09,551837.1451229334,60148.380126092256,9555.78013161338,4116.428112699347,5152.7896538122895,6640.450692789018
2024-12-10,558416.7942509751,56901.319973248945,8594.55224508387,4508.693222508485,5325.332922948025,5614.693927464144
2024-12-11,569030.165212072,52270.10123219011,7262.293933568364,4950.433325376109,4206.793910297391,3236.521457008909
2024-12-12,587079.5985918099,48556.01255713426,6824.450287563433,0.0,0.0,0.0
2024-12-13,584986.0949559395,40923.08593084502,13613.650978529362,1648.0087841978643,937.2401903980747,173.9099860396059
2024-12-14,568132.0344593851,48243.20803026912,19608.211974746067,3740.378881697562,1694.882056233113,872.7716225432009
2024-12-15,559142.0594866647,55925.88188420198,17684.81255541148,4372.439865572182,2394.077986265853,2152.899260915388
2024-12-16,552413.4414618127,57897.572480468814,19819.22091691234,4633.114870114687,2728.212450492081,4180.608859230909
2024-12-17,547440.794382549,61035.15928434584,21772.47829516612,4547.463286553694,3116.3968260770057,3410.0314219212614
2024-12-18,544608.9805124609,65623.18451651387,21987.51654876618,3237.169644517066,3073.373865440761,3422.0098357919296
2024-12-19,539373.4581443154,76686.32955277448,15681.053191182955,3246.2804981779077,2894.7325348521845,3712.5462449637307
2024-12-20,535025.0043999535,94720.474298399,7394.635054109941,2360.672239556887,1503.7250939888863,692.6007859309316
2024-12-21,523195.649757843,115013.04802105308,4251.363657611564,0.0,0.0,0.0
2024-12-22,512141.2727469706,123593.00787820676,6725.780811330209,0.0,0.0,0.0
2024-12-23,501113.50604922324,133578.6517717167,7767.903615567647,0.0,0.0,0.0
2024-12-24,485454.20751210017,149455.97478698316,7549.879137424247,0.0,0.0,0.0
2024-12-25,476648.9791815771,157504.66032246116,8183.0257945438825,123.39613792541738,0.0,0.0
2024-12-26,467786.0696723983,148555.49281432922,26056.336101249773,62.16284853024884,0.0,0.0
2024-12-27,464482.0099947436,149945.58654434746,27846.905910960802,185.5589864556662,0.0,0.0
2024-12-28,463949.7587224138,156610.46208832198,21899.8406257718,0.0,0.0,0.0
2024-12-29,461817.3047143654,161469.9994249682,18737.803307727045,434.9539894469874,0.0,0.0
2024-12-30,458677.79825603566,156726.09958887784,24756.700019340344,2237.1151521763136,62.3484200773689,0.0
2024-12-31,457481.2558359432,143711.57677588976,39834.88606538504,1432.3427592895687,0.0,0.0
2025-01-01,455078.83316813817,134259.0120571751,53122.21621119434,0.0,0.0,0.0
2025-01-02,452947.69429842115,139218.15285810916,50294.21427997727,0.0,0.0,0.0
2025-01-03,448217.86075703497,128423.35560768908,65818.84507178355,0.0,0.0,0.0
2025-01-04,437247.95659850317,127938.27888746021,77149.87177529554,0.0,0.0,0.0
2025-01-05,426279.8451146252,134421.59339065017,81261.32052170788,0.0,0.0,0.0
2025-01-06,419622.1591986348,146271.26364344716,76390.8337965378,175.8047978878311,0.0,0.0
2025-01-07,415531.7146440255,165547.91635910858,61203.869347853455,176.56108552003585,0.0,0.0
2025-01-08,414164.43392553576,178097.39077372017,50198.23673725166,0.0,0.0,0.0
2025-01-09,415375.9269084915,180260.7218523292,46823.412675686835,0.0,0.0,0.0
2025-01-10,415184.00769563124,181687.70576972116,45588.34797115518,0.0,0.0,0.0
2025-01-11,418216.8269111233,164456.09020726636,59787.14431811794,0.0,0.0,0.0
2025-01-12,418380.6062037796,154567.63600098266,68800.98261923097,710.8366125143841,0.0,0.0
2025-01-13,418255.9253171116,145757.78575225495,77245.7413051812,1200.6090619598124,0.0,0.0
2025-01-14,417596.42719901376,142460.00126846577,81530.5683830108,873.0645860172242,0.0,0.0
2025-01-15,418362.4537670565,133993.50349859943,90104.10417085164,0.0,0.0,0.0
2025-01-16,419670.13042102143,125914.69649898862,96875.2345164975,0.0,0.0,0.0
2025-01-17,422333.91239387204,110208.1932400947,109917.95580254088,0.0,0.0,0.0
2025-01-18,424201.4984045825,104899.2740988571,113359.28893306802,0.0,0.0,0.0
2025-01-19,429276.5848111125,86146.50924916513,126885.05539098286,151.9119852470921,0.0,0.0
2025-01-20,431752.0484657701,90425.3820971126,119672.63213796976,609.9987356551081,0.0,0.0
2025-01-21,433856.9670694384,87267.18133140572,112876.20730913625,8459.705726527169,0.0,0.0
2025-01-22,434585.90154038864,88029.69283546277,110079.89469073934,9764.572369916841,0.0,0.0
2025-01-23,431960.85777159955,80708.7097974742,114767.40069457848,15023.093172855326,0.0,0.0
2025-01-24,427291.8455952441,73112.91484676805,125303.95235211178,16751.348642383688,0.0,0.0
2025-01-25,413412.4599054924,48415.014451545096,165227.20962221475,15405.377457255281,0.0,0.0
2025-01-26,395454.7669814844,52226.27147972677,182793.39412725443,11985.62884804188,0.0,0.0
2025-01-27,385200.93949534465,62144.97456575964,176564.86555919534,18549.281816207953,0.0,0.0
2025-01-28,384382.0846863249,62570.0769155107,171827.00730473702,23680.892529934998,0.0,0.0
2025-01-29,384382.0846863249,65814.90183386365,166243.19754497393,25705.11577226276,314.7615990823978,0.0
2025-01-30,384382.0846863249,66514.3945230642,167118.8036635585,22765.2744488288,1679.5041147311963,0.0
2025-01-31,384992.62559261423,68569.7014259618,164894.5864290772,23006.209228274587,996.9387605797809,0.0
2025-02-01,394815.256241983,76692.84957240341,148466.24842352036,20758.802900363902,1726.9042982369124,0.0
2025-02-02,411763.00482884323,80128.45886980424,128308.58313532267,20583.623856417325,1676.3907461201154,0.0
2025-02-03,428484.0881544868,90165.62724131803,101395.81916530691,19740.03486461359,2674.4920107822436,0.0
2025-02-04,439520.73603988637,78522.81788584702,97787.15197692844,24007.129133939918,2622.2263999057836,0.0
2025-02-05,446681.66498174914,71779.59381409964,95023.32000101548,28451.853890718714,523.6287489245951,0.0
2025-02-06,450073.5659216778,68202.89126714416,89779.04952031485,33933.580740794125,470.9739865766587,0.0
2025-02-07,453436.9121240669,65384.17468958517,82682.70296247987,38956.36877942574,1999.9028809499039,0.0
2025-02-08,454754.41925356525,65554.59964510091,79322.02226791192,40088.84327797961,2740.176991949842,0.0
2025-02-09,456182.5577520963,72773.54910774349,71436.1958345234,41645.548966167524,422.20977597681883,0.0
2025-02-10,461230.7593274955,76410.04140532351,65333.771655632954,39485.48904805559,0.0,0.0
2025-02-11,467899.20209808764,86440.24174358287,48726.77448584028,39393.84310899679,0.0,0.0
2025-02-12,471174.9531000984,84080.73469197513,47436.73321530101,39767.640429132996,0.0,0.0
2025-02-13,471890.75338611164,80108.55419843516,51930.804188942435,38529.94966301831,0.0,0.0
2025-02-14,461115.1942989266,80727.72673911901,64030.04816567496,36587.09223278696,0.0,0.0
2025-02-15,447231.8786379547,79702.72627339223,64395.27065877538,51130.1858663853,0.0,0.0
2025-02-16,431723.24536444386,92063.33583366185,63625.2770116099,54615.29618247619,0.0,0.0
2025-02-17,416629.97768117324,96657.7540744136,70679.7590698036,57086.28962586394,0.0,0.0
2025-02-18,405350.34138283134,106487.6286856575,74745.51479519156,52393.50687835676,2689.479425302435,0.0
2025-02-19,398740.58916431083,111821.28916872737,79488.91181239756,51916.08320533724,126.91568241933618,0.0
2025-02-20,394177.96275937674,120459.09546090962,78369.66792839809,49242.32756755405,211.00772026907657,0.0
2025-02-21,388962.4312437135,130314.6935198273,80573.2661143578,37095.27684760741,5514.393711001578,0.0
2025-02-22,386118.3059779856,139096.6562078421,81197.16518825873,31169.087482897343,4878.846579523742,0.0
2025-02-23,381628.1817287146,142872.22561515582,85144.16983820489,29962.740794917976,2852.743459514257,0.0
2025-02-24,378798.6908769157,126996.91418512756,105491.03262051434,24004.799909347654,7168.6238446023235,0.0
2025-02-25,374337.7474287732,121052.25703351035,110423.97111761288,27485.81595493993,9160.269901671212,0.0
2025-02-26,368752.54448597843,117935.45826834673,115611.32336383667,28266.008990852777,11894.726327492932,0.0
2025-02-27,365296.1249311076,116532.58316998795,118784.11841105609,29138.479091616544,12708.755832739327,0.0
2025-02-28,361952.3488224861,116929.80187736865,121249.34562621839,33648.59514392362,8679.969966510776,0.0
2025-03-01,356543.9513406898,105281.36752299324,125827.0231315934,47088.16037411645,7719.559067114715,0.0
2025-03-02,350482.5979314356,106023.12475288604,140415.6333848397,36079.73847474566,9458.966892600569,0.0
2025-03-03,344893.1052117058,103890.78311613048,147371.9575326079,35742.02325003872,10562.192326024633,0.0
2025-03-04,339376.8347500992,108457.44142449937,154366.8474180153,36481.611195963385,3777.3266479302993,0.0
2025-03-05,332068.7090014091,115878.69145184952,149410.25760986516,42243.65822252331,2858.74515086043,0.0
2025-03-06,330731.49756885006,123841.64652280364,152229.07231495294,33547.1408666662,2110.704163234718,0.0
2025-03-07,331959.57831447467,134479.238114569,143939.6820840778,30567.11156180311,1514.4513615830665,0.0
2025-03-08,334716.1054298266,154205.86238778447,123644.41017257582,27348.97008285232,2544.713363468325,0.0
2025-03-09,339472.9698616809,149508.9274582479,120482.97693711228,26750.381920602078,6244.805258864385,0.0
2025-03-10,344700.87672099425,141673.76134631247,121355.04119066341,27313.36718426655,7417.014994270891,0.0
2025-03-11,346502.41030247614,134779.0427593137,113854.84311001399,39325.22435941503,7998.540905288674,0.0
2025-03-12,344335.46562723443,135529.2374830473,112236.42563751072,38456.12951301911,11902.803175696052,0.0
2025-03-13,337816.8640443505,119242.23195648758,132479.67085400445,40724.33233639857,12196.962245266423,0.0
2025-03-14,330127.29660930496,116295.47123055373,138423.49030808933,43985.375243551636,13628.428045007971,0.0
2025-03-15,322983.4433624967,121380.47507584223,140139.18722077852,42977.31276957182,14979.64300781834,0.0
2025-03-16,317898.7326892859,118629.42523297784,146009.86730192113,42804.6593133247,16307.008726053855,810.3681729441732
2025-03-17,312230.700712929,110252.03776225202,159338.7869747259,43958.865512770855,16192.792308378605,486.87816545120336
2025-03-18,308217.7674682463,112704.81000051668,161021.16009238258,43547.384311734226,16427.85649305866,541.083070569151
2025-03-19,301210.0050697521,125125.35027923374,152263.9847187514,49353.66462452828,14507.056744242054,0.0
2025-03-20,294944.6021792168,133773.27511669465,155167.34477776126,44931.717365374134,13643.121997460721,0.0
2025-03-21,288740.8711324626,129856.29745707221,166564.67722936693,44229.20956225836,13069.006055347478,0.0
2025-03-22,282473.5259484864,129698.35300908875,171294.216635719,47313.73333179295,11680.2325114205,0.0
2025-03-23,277036.695899359,127476.38500256944,182571.6677553093,45344.6566951844,10030.656084085447,0.0
2025-03-24,274249.84948968934,130890.57166060542,185913.58347290722,41250.38972564229,10155.667087663345,0.0
2025-03-25,272014.20236685907,129963.11727234191,197665.50930501326,34886.775343098976,7930.457149194361,0.0
2025-03-26,269426.2967636522,155003.1034116562,180579.08133710435,30758.46617192557,6498.335081479844,194.77867068943783
2025-03-27,269690.28941410896,199221.41170065745,145455.81848322978,25781.664180721866,2181.0252106631915,129.85244712629188
2025-03-28,270927.50045852177,219804.5334127243,121709.0989267388,26651.001072121937,2783.9574749780636,583.9700914227136
2025-03-29,272728.4901442772,234895.30914151183,113108.59515412209,19519.99490677635,2012.3454281566583,195.32666166342207
2025-03-30,276000.510693428,202733.78631506275,141107.6275761401,21438.56191187422,1179.5749400025213,0.0
2025-03-31,278524.596753641,185372.36985941613,165396.00380321592,13013.612510607098,153.47850962749092,0.0
2025-04-01,284927.14491677197,136137.0245798969,202427.78904638265,18249.84915038078,718.2537430752477,0.0
2025-04-02,291665.33961118077,124734.53744978539,205822.24013219116,19930.009527233684,307.93471611658396,0.0
2025-04-03,300768.7986908513,109326.50445355134,206172.2878530323,25678.59427113741,513.8761679352442,0.0
2025-04-04,304425.51956638496,104151.5471530795,205193.2828754009,26692.345990256188,1997.3658513860423,0.0
2025-04-05,303149.63410551427,100062.60787602575,194105.55418001133,42836.769731609966,2305.4955433462237,0.0
2025-04-06,301271.6805587971,98812.37792129387,194240.99549317325,46088.50218065248,2046.5052825909058,0.0
2025-04-07,297569.9997611307,103546.14598781499,194842.65632380405,44353.15139589046,2148.1079678673045,0.0
2025-04-08,294434.30924605136,111012.41062956714,193141.1212176916,42290.64708803862,1581.5732551588003,0.0
2025-04-09,292416.74079893646,114525.29524861905,192616.7895009108,41319.66263288248,1581.5732551588003,0.0
2025-04-10,284978.29046139406,124195.4267317715,188575.82116015916,43641.65379018136,1068.8692930014856,0.0
2025-04-11,274670.1745922917,135902.50328098546,187044.9743017437,43773.539968485245,1068.8692930014856,0.0
2025-04-12,267720.9782891896,142865.41020054556,190910.33777028555,39894.46588348541,1068.8692930014856,0.0
2025-11-10,642293.9796550492,166.08178145839483,0.0,0.0,0.0,0.0
2025-11-11,641010.339461315,1449.7219751926368,0.0,0.0,0.0,0.0
2025-11-12,638415.489793994,4044.5716425135724,0.0,0.0,0.0,0.0
2025-11-13,634211.7949642597,7243.972438382236,782.0835467122283,222.2104871533804,0.0,0.0
2025-11-14,632741.5232047577,7540.333929276368,1347.6038731264678,830.6004293469452,0.0,0.0
2025-11-15,632576.595107098,5907.306262825457,2649.4287916423327,1326.731274941771,0.0,0.0
2025-11-16,632301.3302150129,5365.838118009462,3135.9209039050684,1656.9721995800417,0.0,0.0
2025-11-17,631418.0974314301,6442.891391985491,2502.4848526782307,1986.6356953071866,109.95206510651977,0.0
2025-11-18,631610.615010515,7933.421371281209,2197.6838900157113,718.3411646957007,0.0,0.0
2025-11-19,632685.5885763718,6037.66429931764,3295.654083881514,441.154476936555,0.0,0.0
2025-11-20,631671.072626889,8199.158185497288,2425.0950585873875,164.73556553389503,0.0,0.0
2025-11-21,627596.4469474086,12164.218033455665,2316.4903828425154,382.90607280075193,0.0,0.0
2025-11-22,622287.7591322274,19624.27760952903,548.0246947510918,0.0,0.0,0.0
2025-11-23,617235.9559296385,24565.942231934176,658.1632749349649,0.0,0.0,0.0
2025-11-24,613543.6271293615,28097.392094561572,819.0422125845191,0.0,0.0,0.0
2025-11-25,609122.7434374052,32027.352785237443,1309.9652138650195,0.0,0.0,0.0
2025-11-26,604774.1779369521,36426.08086287661,1259.8026366787903,0.0,0.0,0.0
2025-11-27,602511.0149233502,39064.62474161302,884.4217715444856,0.0,0.0,0.0
2025-11-28,601102.9476800647,33271.41859010463,5459.335183397042,2029.7814609657696,596.5785219755057,0.0
2025-11-29,600154.0461997705,35267.33441081135,4112.715778951406,2270.0300147173807,655.9350322568761,0.0
2025-11-30,593149.6011253376,40001.95196612309,1723.7752774098471,3593.3543501635813,3454.9099311204372,536.4687863529026
2025-12-01,572406.6082698186,60199.96762846148,7740.871875314105,1629.6775849048433,482.93607800851294,0.0
2025-12-02,541222.5362545035,88905.7111023285,11494.235753788846,837.5783258867199,0.0,0.0
2025-12-03,518830.1927721936,97790.92219350861,23137.87225802055,1828.870518715339,872.2036940695152,0.0
2025-12-04,505342.6589221583,101717.21947960995,30991.98110804679,3468.700664960465,939.5012617320702,0.0
2025-12-05,496510.91710823646,106760.52711887582,34187.55676855295,4345.136840926036,655.9235999163582,0.0
2025-12-06,488294.7011889523,116862.338891036,36156.82732916494,1146.1940273543303,0.0,0.0
2025-12-07,479161.2166641118,113785.06994191669,45917.262649890494,2576.917685114468,1019.5944954740413,0.0
2025-12-08,474542.891379353,125018.93839645816,41635.00516408478,1263.2264966116493,0.0,0.0
2025-12-09,475778.58180656255,143178.74509797286,23502.73453197217,0.0,0.0,0.0
2025-12-10,477216.81473780633,147908.2365212115,17335.01017748972,0.0,0.0,0.0
2025-12-11,478219.9442862181,150073.75123954957,14166.365910739885,0.0,0.0,0.0
2025-12-12,480006.4737869187,140518.14108720375,21935.446562385132,0.0,0.0,0.0
2025-12-13,483552.52292011667,138154.4604738322,20753.078042558674,0.0,0.0,0.0
2025-12-14,483786.8091569182,138439.67101219017,20169.755159574393,63.82610782486366,0.0,0.0
2025-12-15,485498.90849544934,141395.60404837783,15565.548892680397,0.0,0.0,0.0
2025-12-16,485338.25398921897,137349.0662242394,19451.956886318294,320.7843367309856,0.0,0.0
2025-12-17,484502.7994326827,134077.49213208017,23172.907089129876,706.8627826148434,0.0,0.0
2025-12-18,485207.06637792184,124420.67726271092,28300.86722865532,2101.658126355736,1534.03054803561,706.4954886860371
2025-12-19,485531.52070603543,121695.72347439243,30526.719555267882,1786.392733796008,1473.5114443124505,257.8737221905559
2025-12-20,490122.4121966534,108003.5765655734,39428.555307004375,2549.913167647748,1537.337552137315,257.8737221905559
2025-12-21,497035.92198653426,97618.9290155493,42700.84719276051,2296.4454009795118,2177.06721667078,257.8737221905559
2025-12-22,498925.7248035489,85429.18669553389,53066.41441199857,3123.5979721338576,1790.0699498916301,0.0
2025-12-23,496271.59262443695,80130.00949130923,61538.30686138697,3315.4014348780884,703.7413736509835,0.0
2025-12-24,481287.1515066271,95365.80265014825,63322.010280267685,2485.0969994645493,0.0,0.0
2025-12-25,459077.4241024032,112681.33327041574,68100.06300754574,2024.6027160312692,385.3440530122491,0.0
2025-12-26,444484.7005519717,121565.33500923,72461.0979794391,2528.7907589871147,1355.3937747511304,64.74336212861442
2025-12-27,434163.2027924636,129600.77867236207,72230.17576975453,4060.387819398642,1626.5875167040301,778.9288658247223
2025-12-28,425725.99626272963,133501.19018226018,76230.99625249434,4599.812839416689,1492.006933270409,910.0589663363467
2025-12-29,418377.17977835913,139200.15924822143,75245.60579423717,7231.217774272183,1885.2113989707607,520.6874424469252
2025-12-30,413961.8525138185,145313.7989774891,74381.81858830637,6654.221005728245,1758.447880247063,389.9224709183284
2025-12-31,407006.9598073416,151761.50254689067,76475.02421021459,5068.00691458359,1952.6940987273938,195.87385874973748
2026-01-01,401534.923127947,154760.69321088458,82997.97896781235,2905.6660475507206,260.80008231288343,0.0
2026-01-02,390524.5689822498,156249.52183516638,92965.53234778628,2333.6273947008103,386.81087660427283,0.0
2026-01-03,380755.2693912562,156857.906686946,101550.88949859815,2521.2763573794987,774.7195023277219,0.0
2026-01-04,366171.20481238875,165927.4225273896,106052.04231593799,4116.444087734808,0.0,0.0
2026-01-05,350257.54494674015,167381.49783112918,120729.79455167973,3898.276413902147,0.0,0.0
2026-01-06,331415.09295975073,168342.67442967335,137485.84876011562,4442.6385112800035,0.0,0.0
2026-01-07,309599.78106504644,182291.9553331479,142757.31562680722,6907.350188691893,0.0,0.0
2026-01-08,290854.2603421632,202798.62059531244,137476.97996031467,10810.61262593714,0.0,0.0
2026-01-09,273781.7003016239,203086.21998203042,151319.94479879775,12189.288237561035,130.58270509234694,0.0
2026-01-10,260623.98237307495,215306.7270920886,149071.07930742504,14974.666437547783,261.5299430571936,0.0
2026-01-11,246509.47161268498,218539.82577399505,159077.1109967928,14395.69412266652,1323.0831725812684,0.0
2026-01-12,234183.9125280643,220981.37907100085,168895.72556313447,15035.930733211708,1127.7531104034117,0.0
2026-01-13,222582.92988935162,240492.99141212428,165315.7464663302,12425.742853013951,132.2199041537749,0.0
2026-01-14,220152.4197872545,252613.03154953642,155325.2875733187,12600.644851536112,66.20068474441246,0.0
2026-01-15,219910.8576605287,259917.5855260961,155806.87578715966,5907.0249938588795,0.0,0.0
2026-01-16,221750.763402506,266975.48552558426,150375.28075670055,3358.531751716815,0.0,0.0
2026-01-17,224636.6328253747,270971.61006313807,145031.07310857723,1820.7454394175716,0.0,0.0
2026-01-18,235969.86965108852,263280.1715860192,142987.80971224647,222.2104871533804,0.0,0.0
2026-01-19,253565.3949967478,249749.87954027872,138978.12903411602,166.6578653650353,0.0,0.0
2026-01-20,271629.6164195451,225233.96422700956,141356.54301456083,4239.9377753921235,0.0,0.0
2026-01-21,285101.82101978234,209022.9904364491,138542.01295046473,9793.237029811475,0.0,0.0
2026-01-22,289774.1110319494,192488.24921399384,148117.99530988059,12079.70588068369,0.0,0.0
2026-01-23,294106.557979804,180870.96836961614,155629.99384404937,11852.541243038086,0.0,0.0
2026-01-24,284709.7040540343,176296.35701894134,164624.36918998108,16829.631173550853,0.0,0.0
2026-01-25,264003.5030190452,192370.21319999345,167574.97246842436,18511.372749044553,0.0,0.0
2026-01-26,248040.12557151105,173929.2990604969,202058.09570360827,18432.541100891332,0.0,0.0
2026-01-27,237329.54557947294,175356.84364945447,209791.7172848758,19981.954922704343,0.0,0.0
2026-01-28,226786.05169375805,187504.88252484324,199863.12546268984,28306.001755216435,0.0,0.0
2026-01-29,214578.25500992627,209257.8937863442,189885.3362252324,28738.57641500468,0.0,0.0
2026-01-30,199072.68230547075,232528.90238158996,181244.28727487952,29614.189474567356,0.0,0.0
2026-01-31,186437.97674038945,259928.34197096105,165410.80041651218,30682.942308644884,0.0,0.0
2026-02-01,175507.26474030231,281524.23165861814,155722.9353658255,29705.6296717616,0.0,0.0
2026-02-02,168053.49147746927,303639.0334042719,142768.84709533572,27998.68945943071,0.0,0.0
2026-02-03,164352.00840966264,316048.99271943525,137095.30403066706,24963.756276742584,0.0,0.0
2026-02-04,162993.46702875558,325286.85338536673,131814.68654135132,22365.0544810339,0.0,0.0
2026-02-05,163879.21154667236,317274.2251610415,141612.17112276945,19694.453606024323,0.0,0.0
2026-02-06,166316.3002112388,303205.84001476964,148482.1191847196,24455.802025779492,0.0,0.0
2026-02-07,167855.74481393074,295468.7182089059,157967.10198401703,21168.49642965397,0.0,0.0
2026-02-08,174547.71646583674,279929.95573047746,167077.2999145737,20905.089325619694,0.0,0.0
2026-02-09,181248.98190418835,272397.9371671599,163416.19595495996,25396.946410199365,0.0,0.0
2026-02-10,191369.0662730714,253800.9074038139,171355.63814854054,25934.449611081756,0.0,0.0
2026-02-11,208219.83390981634,232448.93949546723,159830.2696736136,41961.018357610395,0.0,0.0
2026-02-12,239455.06092312856,196554.2742051253,161087.54650589568,44515.84666771209,847.3331346459672,0.0
2026-02-13,250115.60284931224,181470.22865165133,160122.00266277857,47450.471228302304,3301.756044463112,0.0
2026-02-14,256932.875329862,175157.18647476955,160337.7768523487,39195.19710493734,10837.02567458999,0.0
2026-02-15,265434.74794908427,152110.13201661326,172029.59811621826,45558.75484660971,7326.828507982136,0.0
2026-02-16,274661.9763311283,138248.29997479505,175650.81065972522,40590.21978587491,13308.754684984044,0.0
2026-02-17,286351.0838848421,131819.82670994295,168520.53244771203,45745.55784271255,10023.060551297987,0.0
2026-02-18,296318.00183495856,125191.86950406956,159403.8586693043,47923.94428961448,13622.38713856069,0.0
2026-02-19,309629.0527519605,118714.22989673907,148358.76904585195,50667.15540770315,15090.854334252886,0.0
2026-02-20,321520.006227663,110433.34688054575,158329.42326825912,40473.93990786059,11703.345152179127,0.0
2026-02-21,324796.0540639692,109085.65931903856,151324.83049999236,45260.72396145607,11992.793592051436,0.0
2026-02-22,316179.79784392763,102748.62051266534,148534.4329936636,57258.718728496504,17738.491357754498,0.0
2026-02-23,298178.33886602696,109635.93213269062,150110.3514313198,68072.68580654362,16462.75319992654,0.0
2026-02-24,244441.51271823305,149672.6370980971,157334.22323055216,73722.40557728469,17289.282812340556,0.0
2026-02-25,214126.5734136055,174292.08882155904,166181.03838205134,72316.82250649192,15543.538312799757,0.0
2026-02-26,191879.243897849,184349.4467973083,175396.35878789594,75559.04497223989,15275.966981214435,0.0
2026-02-27,166495.3749149812,184619.48956072077,181874.8911743096,93346.44527346455,16123.860513031454,0.0
2026-02-28,150919.35429000302,180603.97828407527,228407.7710158868,66725.50172939866,15803.456117143836,0.0
2026-03-01,138353.09698222083,196485.3481948509,218463.34598650737,77034.76333473205,12123.506938196453,0.0
2026-03-02,123325.18013536293,197786.04547145456,229504.52778167033,78224.27444626376,13620.03360175603,0.0
2026-03-03,110439.14074586214,223526.80563544075,215509.37250234478,78811.89405623503,14172.848496624858,0.0
2026-03-04,98906.63913072394,237716.05786432914,217992.524262055,74525.20199399919,13319.638185400327,0.0
2026-03-05,92322.58784781425,248012.81634913068,219723.1161273357,70658.44103894316,11743.100073283786,0.0
2026-03-06,86043.86509749186,248160.11353771787,223216.49398074797,68148.5113685002,16891.077452049714,0.0
2026-03-07,80187.57349320731,245896.59541261446,232896.88650720226,71686.43579064697,11792.570232836551,0.0
2026-03-08,74133.94173100257,243663.1888730409,246524.1983579452,70105.15449873568,8033.577975783199,0.0
2026-03-09,71398.54658310587,262883.0019584586,240415.10449184407,61873.81823913779,5889.590163961224,0.0
2026-03-10,67809.36851766516,273927.5699469262,234454.46439300085,57781.574748565494,8487.083830349902,0.0
2026-03-11,64500.452147372205,283664.27390495205,230971.53809067124,51842.20004214804,11481.597251364048,0.0
2026-03-12,60289.93882112128,297129.0121897569,223774.55923954648,47902.5383486235,13364.012837459359,0.0
2026-03-13,55765.62372610047,301881.9732869434,222765.6579666361,48668.53164937169,13378.274807455915,0.0
2026-03-14,49864.533117065046,314165.7088348441,214870.8762519312,49909.67349906091,13649.269733606294,0.0
2026-03-15,46449.008527138416,322375.1027458997,203154.98045301455,58810.597506159334,11670.372204295554,0.0
2026-03-16,40821.791557515564,312210.96064731403,214342.8687528076,60208.04423485004,14876.396244020332,0.0
2026-03-17,32715.469682553376,291752.16136344336,234788.91779282162,65744.93596792259,17458.57662976667,0.0
2026-03-18,27290.684155349336,282408.56731249084,248664.45822138697,69290.55817816957,14805.79356911084,0.0
2026-03-19,22173.492564409567,273959.6422813734,257810.85671878688,74124.65827718188,14391.411594755837,0.0
2026-03-20,19845.25590518801,278142.00895288534,262812.5399263627,71565.07005905994,10095.186593011538,0.0
2026-03-21,18643.297336326625,275800.79221461294,272732.84970619023,68818.33010037898,6464.792078998834,0.0
2026-03-22,18132.893681416874,289285.74018421315,273398.6844561114,56668.017607477464,4974.725507288735,0.0
2026-03-23,18463.383813754306,306891.8163425373,261523.41120842675,51348.19225876026,4233.257813029015,0.0
2026-03-24,21117.29102339488,359723.77715850895,220452.99878477148,38056.59475735308,3109.3997124791663,0.0
2026-03-25,26279.070655552416,382340.88176466303,197349.33747390145,35244.2471352433,1246.5244071473087,0.0
2026-03-26,31201.744103189863,390862.7826616594,194502.40900729486,24345.721136676242,1547.4045276872212,0.0
2026-03-27,35213.54302281848,385277.6241532914,196554.1494357607,24363.278609832763,1051.4662148042557,0.0
2026-03-28,38592.58329915391,378486.45009799785,196027.75255793508,28688.180243711657,665.0952377090999,0.0
2026-03-29,41267.21354690768,360821.5829589525,204217.1761815939,35102.81473085606,1051.274018197406,0.0
2026-03-30,40518.4426872751,337859.0204576409,234870.94320896,28381.054653284646,830.6004293469452,0.0
2026-03-31,39802.52725636675,305217.6219944876,270744.34565891186,26030.471289032324,665.0952377090999,0.0
2026-04-01,37503.977567373826,294788.517844379,278934.80817462294,30402.157420784843,830.6004293469452,0.0
2026-04-02,38235.189365154,293170.80218746315,276136.9238523421,34201.15219704052,715.9938345077821,0.0
2026-04-03,41265.77574839034,277685.26989628235,288370.398033916,33706.204218284525,1432.4135396343581,0.0
2026-04-04,43195.247570012354,274186.0912132572,294708.5030976047,29263.77714022324,1106.442415410021,0.0
2026-04-05,46521.38958039723,273671.7506290489,297567.39148271584,23206.524155233532,1493.0055891120269,0.0
2026-04-06,50649.699116257936,279740.94212955976,280898.4530646007,30450.511294560558,720.4558315285649,0.0
2026-04-07,57393.225296706085,281211.7220716174,270482.9790918787,33149.92448915203,222.2104871533804,0.0
2026-04-08,68288.41471610674,289527.7674491517,253252.2681448942,31117.91523703849,273.6958893164114,0.0
2026-04-09,81699.95227504734,283090.1576145148,241210.15012324863,36202.37456971509,257.42685398169124,0.0
2026-04-10,95543.83015498941,281971.3832771587,221016.41840636372,43622.8430371891,305.5865608065491,0.0
2026-04-11,112299.04300994216,264361.97802773083,219038.20707196486,46606.57256612927,154.26076074046642,0.0
2026-04-12,134451.7155501365,256805.01725700992,210062.2038726742,41141.12475668696,0.0,0.0
